Name                                 ,Price,Stock
Asus VP229HA                         ,130  ,20
Asus VZ27VQ                          ,329  ,25
ASUS Designo Curve MX34VQ Ultra-wide ,700  ,10
BenQ PD3200U 4K Curved               ,350  ,15
BenQ BL3201PH 4K                     ,300  ,10
ViewSonic VP2655wb                   ,698  ,15
Viewsonic VX-2778SMHD                ,575  ,5
Samsung C27H580FDM Curved            ,292  ,12
LG 24M38H                            ,133  ,20
LG 27MP89HM-S                        ,309  ,25
Samsung LS27E330HZX                  ,225  ,35